item_id,avg_drop_chance,avg_drop_quantity,pokemon_count,cobblemon_exclusive,craftable,growable,rarity_score,exclusivity_mult,craftability_mult,availability,gameplay_modifier,has_custom_modifier,global_mult,base_value,price_min,price_max,dropped_by
,11.33,1.00,3,False,False,False,8.8235,1.00,1.30,3.00,1.00,False,1.00,3.82,2,5,"Tinkaton (18.0%, qty:1.0), Tinkatink (5.0%, qty:1.0), Tinkatuff (11.0%, qty:1.0)"
minecraft:acacia_log,100.00,1.00,1,False,False,False,1.0000,1.00,1.30,1.00,1.00,False,1.00,1.30,1,2,"Komala (100.0%, qty:1.0)"
minecraft:amethyst_shard,100.00,1.00,3,False,False,False,1.0000,1.00,1.30,3.00,1.00,False,1.00,0.43,1,1,"Glimmora (100.0%, qty:1.0), Glimmet (100.0%, qty:1.0), Sableye (100.0%, qty:1.0)"
minecraft:apple,100.00,1.00,7,False,False,True,1.0000,1.00,1.00,7.00,1.00,False,1.00,0.14,1,1,"Torterra (100.0%), Applin (100.0%), Appletun (100.0%) ... and 4 more"
minecraft:armadillo_scute,100.00,1.00,2,False,False,False,1.0000,1.00,1.30,2.00,1.00,False,1.00,0.65,1,1,"Sandslash (100.0%, qty:1.0), Sandshrew (100.0%, qty:1.0)"
minecraft:bamboo,100.00,1.00,3,False,False,False,1.0000,1.00,1.30,3.00,1.00,False,1.00,0.43,1,1,"Pancham (100.0%, qty:1.0), Spinda (100.0%, qty:1.0), Pangoro (100.0%, qty:1.0)"
minecraft:basalt,100.00,1.00,1,False,False,False,1.0000,1.00,1.30,1.00,1.00,False,1.00,1.30,1,2,"Magcargo (100.0%, qty:1.0)"
minecraft:beef,100.00,1.00,3,False,False,False,1.0000,1.00,1.30,3.00,1.00,False,1.00,0.43,1,1,"Miltank (100.0%, qty:1.0), Bouffalant (100.0%, qty:1.0), Tauros (100.0%, qty:1.0)"
minecraft:blaze_powder,25.56,1.00,18,False,False,False,3.9130,1.00,1.30,18.00,1.00,False,1.00,0.28,1,1,"Magmar (5.0%), Heatmor (5.0%), Centiskorch (5.0%) ... and 15 more"
minecraft:blue_ice,100.00,1.00,1,False,False,False,1.0000,1.00,1.30,1.00,1.00,False,1.00,1.30,1,2,"Eiscue (100.0%, qty:1.0)"
minecraft:blue_wool,100.00,1.00,3,False,False,False,1.0000,1.00,1.30,3.00,1.00,False,1.00,0.43,1,1,"Herdier (100.0%, qty:1.0), Stoutland (100.0%, qty:1.0), Lillipup (100.0%, qty:1.0)"
minecraft:bone,100.00,1.00,32,False,False,False,1.0000,1.00,1.30,32.00,1.00,False,1.00,0.04,1,1,"Herdier (100.0%), Aerodactyl (100.0%), Yamper (100.0%) ... and 29 more"
minecraft:bone_block,100.00,1.00,4,False,False,False,1.0000,1.00,1.30,4.00,1.00,False,1.00,0.33,1,1,"Wailord (100.0%, qty:1.0), Cetitan (100.0%, qty:1.0), Cetoddle (100.0%, qty:1.0), Wailmer (100.0%, qty:1.0)"
minecraft:bone_meal,6.52,1.00,23,False,False,False,15.3333,1.00,1.30,23.00,1.00,False,1.00,0.87,1,1,"Alomomola (5.0%), Magikarp (5.0%), Omastar (10.0%) ... and 20 more"
minecraft:bread,100.00,1.00,2,False,False,False,1.0000,1.00,1.30,2.00,1.00,False,1.00,0.65,1,1,"Dachsbun (100.0%, qty:1.0), Fidough (100.0%, qty:1.0)"
minecraft:brown_mushroom,100.00,1.00,6,False,False,False,1.0000,1.00,1.30,6.00,1.00,False,1.00,0.22,1,1,"Toedscool (100.0%), Shiinotic (100.0%), Shroomish (100.0%) ... and 3 more"
minecraft:brown_wool,100.00,1.00,4,False,False,False,1.0000,1.00,1.30,4.00,1.00,False,1.00,0.33,1,1,"Mamoswine (100.0%, qty:1.0), Piloswine (100.0%, qty:1.0), Bouffalant (100.0%, qty:1.0), Swinub (100.0%, qty:1.0)"
minecraft:cactus,100.00,1.00,3,False,False,False,1.0000,1.00,1.30,3.00,1.00,False,1.00,0.43,1,1,"Cacturne (100.0%, qty:1.0), Maractus (100.0%, qty:1.0), Cacnea (100.0%, qty:1.0)"
minecraft:cake,4.17,1.00,3,False,False,False,24.0000,1.00,1.30,3.00,1.00,False,1.00,10.40,6,12,"Slurpuff (5.0%, qty:1.0), Swirlix (2.5%, qty:1.0), Alcremie (5.0%, qty:1.0)"
minecraft:calcite,100.00,1.00,3,False,False,False,1.0000,1.00,1.30,3.00,1.00,False,1.00,0.43,1,1,"Nacli (100.0%, qty:1.0), Naclstack (100.0%, qty:1.0), Garganacl (100.0%, qty:1.0)"
minecraft:candle,75.63,1.00,4,False,False,False,1.3223,1.00,1.30,4.00,1.00,False,1.00,0.43,1,1,"Lampent (100.0%, qty:1.0), Litwick (100.0%, qty:1.0), Greavard (2.5%, qty:1.0), Chandelure (100.0%, qty:1.0)"
minecraft:carrot,3.75,1.00,4,False,False,True,26.6667,1.00,1.00,4.00,0.30,True,1.00,2.00,1,2,"Bunnelby (2.5%, qty:1.0), Lopunny (5.0%, qty:1.0), Buneary (2.5%, qty:1.0), Diggersby (5.0%, qty:1.0)"
minecraft:charcoal,52.08,1.00,6,False,False,False,1.9200,1.00,1.30,6.00,1.00,False,1.00,0.42,1,1,"Ninetales (5.0%), Charcadet (100.0%), Armarouge (100.0%) ... and 3 more"
minecraft:chicken,100.00,1.00,67,False,False,False,1.0000,1.00,1.30,67.00,1.00,False,1.00,0.02,1,1,"Wingull (100.0%), Chatot (100.0%), Starly (100.0%) ... and 64 more"
minecraft:clay_ball,100.00,1.00,21,False,False,False,1.0000,1.00,1.30,21.00,1.00,False,1.00,0.06,1,1,"Golett (100.0%), Mudkip (100.0%), Clodsire (100.0%) ... and 18 more"
minecraft:coal,100.00,1.00,4,False,False,False,1.0000,1.00,1.30,4.00,1.00,False,1.00,0.33,1,1,"Coalossal (100.0%, qty:1.0), Carkol (100.0%, qty:1.0), Torkoal (100.0%, qty:1.0), Rolycoly (100.0%, qty:1.0)"
minecraft:cod,100.00,1.00,22,False,False,False,1.0000,1.00,1.30,22.00,1.00,False,1.00,0.06,1,1,"Alomomola (100.0%), Dewgong (100.0%), Lumineon (100.0%) ... and 19 more"
minecraft:cooked_chicken,100.00,1.00,1,False,False,False,1.0000,1.00,1.30,1.00,1.00,False,1.00,1.30,1,2,"Moltres (100.0%, qty:1.0)"
minecraft:dark_oak_sapling,100.00,1.00,3,False,False,False,1.0000,1.00,1.30,3.00,1.00,False,1.00,0.43,1,1,"Seedot (100.0%, qty:1.0), Nuzleaf (100.0%, qty:1.0), Shiftry (100.0%, qty:1.0)"
minecraft:dead_bush,100.00,1.00,2,False,False,False,1.0000,1.00,1.30,2.00,1.00,False,1.00,0.65,1,1,"Brambleghast (100.0%, qty:1.0), Bramblin (100.0%, qty:1.0)"
minecraft:diamond,5.00,1.00,2,False,False,False,20.0000,1.00,1.30,2.00,1.00,False,1.00,13.00,8,16,"Sableye (5.0%, qty:1.0), Carbink (5.0%, qty:1.0)"
minecraft:dirt,100.00,1.00,4,False,False,False,1.0000,1.00,1.30,4.00,1.00,False,1.00,0.33,1,1,"Drilbur (100.0%, qty:1.0), Diglett (100.0%, qty:1.0), Dugtrio (100.0%, qty:1.0), Excadrill (100.0%, qty:1.0)"
minecraft:dragon_breath,89.44,1.00,9,False,False,False,1.1180,1.00,1.30,9.00,1.00,False,1.00,0.16,1,1,"Zweilous (100.0%), Hydreigon (100.0%), Drampa (5.0%) ... and 6 more"
minecraft:echo_shard,100.00,1.00,11,False,False,False,1.0000,1.00,1.30,11.00,1.00,False,1.00,0.12,1,1,"Kartana (100.0%), Naganadel (100.0%), Poipole (100.0%) ... and 8 more"
minecraft:egg,75.00,1.00,4,False,False,False,1.3333,1.00,1.30,4.00,1.00,False,1.00,0.43,1,1,"Exeggutor (100.0%, qty:1.0), Blissey (50.0%, qty:1.0), Exeggcute (100.0%, qty:1.0), Chansey (50.0%, qty:1.0)"
minecraft:emerald,4.17,1.00,3,False,False,False,24.0000,1.00,1.30,3.00,1.00,False,1.00,10.40,6,12,"Nickit (2.5%, qty:1.0), Thievul (5.0%, qty:1.0), Sableye (5.0%, qty:1.0)"
minecraft:ender_pearl,100.00,1.00,20,False,False,False,1.0000,1.00,1.30,20.00,1.40,True,1.00,0.09,1,1,"Gothitelle (100.0%), Elgyem (100.0%), Gothita (100.0%) ... and 17 more"
minecraft:eye_of_ender,100.00,1.00,1,False,False,False,1.0000,1.00,1.30,1.00,1.00,False,1.00,1.30,1,2,"Deoxys (100.0%, qty:1.0)"
minecraft:feather,100.00,1.00,72,False,False,False,1.0000,1.00,1.30,72.00,1.00,False,1.00,0.02,1,1,"Wingull (100.0%), Chatot (100.0%), Starly (100.0%) ... and 69 more"
minecraft:flint,100.00,1.00,2,False,False,False,1.0000,1.00,1.30,2.00,1.00,False,1.00,0.65,1,1,"Nosepass (100.0%, qty:1.0), Probopass (100.0%, qty:1.0)"
minecraft:glow_ink_sac,55.00,1.00,4,False,False,False,1.8182,1.00,1.30,4.00,1.00,False,1.00,0.59,1,1,"Tentacool (10.0%, qty:1.0), Frillish (100.0%, qty:1.0), Tentacruel (10.0%, qty:1.0), Jellicent (100.0%, qty:1.0)"
minecraft:gold_nugget,100.00,1.00,2,False,False,False,1.0000,1.00,1.30,2.00,1.00,False,1.00,0.65,1,1,"Meowth (100.0%, qty:1.0), Persian (100.0%, qty:1.0)"
minecraft:golden_helmet,5.00,1.00,1,False,False,False,20.0000,1.00,1.30,1.00,1.00,False,1.00,26.00,16,31,"Falinks (5.0%, qty:1.0)"
minecraft:gravel,100.00,1.00,3,False,False,False,1.0000,1.00,1.30,3.00,1.00,False,1.00,0.43,1,1,"Geodude (100.0%, qty:1.0), Graveler (100.0%, qty:1.0), Golem (100.0%, qty:1.0)"
minecraft:gunpowder,100.00,1.00,2,False,False,False,1.0000,1.00,1.30,2.00,1.00,False,1.00,0.65,1,1,"Electrode (100.0%, qty:1.0), Voltorb (100.0%, qty:1.0)"
minecraft:heart_of_the_sea,68.33,1.00,3,False,False,False,1.4634,1.00,1.30,3.00,1.00,False,1.00,0.63,1,1,"Kyogre (100.0%, qty:1.0), Lapras (5.0%, qty:1.0), Manaphy (100.0%, qty:1.0)"
minecraft:honey_bottle,62.25,1.00,10,False,False,False,1.6064,1.00,1.30,10.00,1.00,False,1.00,0.21,1,1,"Vespiquen (100.0%), Oricorio (5.0%), Teddiursa (2.5%) ... and 7 more"
minecraft:honeycomb,100.00,1.00,2,False,False,False,1.0000,1.00,1.30,2.00,1.00,False,1.00,0.65,1,1,"Vespiquen (100.0%, qty:1.0), Combee (100.0%, qty:1.0)"
minecraft:ink_sac,100.00,1.00,10,False,False,False,1.0000,1.00,1.30,10.00,1.00,False,1.00,0.13,1,1,"Tentacool (100.0%), Inkay (100.0%), Malamar (100.0%) ... and 7 more"
minecraft:iron_block,50.00,1.00,1,False,False,False,2.0000,1.00,1.30,1.00,1.00,False,1.00,2.60,2,3,"Melmetal (50.0%, qty:1.0)"
minecraft:iron_helmet,3.75,1.00,4,False,False,False,26.6667,1.00,1.30,4.00,1.00,False,1.00,8.67,5,10,"Escavalier (5.0%, qty:1.0), Shelmet (2.5%, qty:1.0), Bisharp (5.0%, qty:1.0), Pawniard (2.5%, qty:1.0)"
minecraft:iron_ingot,75.00,1.00,2,False,True,False,1.3333,1.00,1.00,2.00,1.00,False,1.00,0.67,1,1,"Meltan (50.0%, qty:1.0), Duraludon (100.0%, qty:1.0)"
minecraft:iron_nugget,100.00,1.00,6,False,False,False,1.0000,1.00,1.30,6.00,1.00,False,1.00,0.22,1,1,"Revavroom (100.0%), Varoom (100.0%), Orthworm (100.0%) ... and 3 more"
minecraft:iron_sword,5.83,1.00,3,False,False,False,17.1429,1.00,1.30,3.00,1.00,False,1.00,7.43,4,9,"Honedge (2.5%, qty:1.0), Doublade (5.0%, qty:1.0), Aegislash (10.0%, qty:1.0)"
minecraft:jack_o_lantern,100.00,1.00,2,False,False,False,1.0000,1.00,1.30,2.00,1.00,False,1.00,0.65,1,1,"Trevenant (100.0%, qty:1.0), Phantump (100.0%, qty:1.0)"
minecraft:kelp,100.00,1.00,3,False,False,False,1.0000,1.00,1.30,3.00,1.00,False,1.00,0.43,1,1,"Skrelp (100.0%, qty:1.0), Dhelmise (100.0%, qty:1.0), Dragalge (100.0%, qty:1.0)"
minecraft:leather,100.00,1.00,15,False,True,False,1.0000,1.00,1.00,15.00,1.00,False,1.00,0.07,1,1,"Miltank (100.0%), Mudbray (100.0%), Blitzle (100.0%) ... and 12 more"
minecraft:light_blue_wool,100.00,1.00,2,False,False,False,1.0000,1.00,1.30,2.00,1.00,False,1.00,0.65,1,1,"Woobat (100.0%, qty:1.0), Swoobat (100.0%, qty:1.0)"
minecraft:lily_pad,100.00,1.00,3,False,False,False,1.0000,1.00,1.30,3.00,1.00,False,1.00,0.43,1,1,"Lombre (100.0%, qty:1.0), Lotad (100.0%, qty:1.0), Ludicolo (100.0%, qty:1.0)"
minecraft:magma_cream,61.50,1.00,5,False,False,False,1.6260,1.00,1.30,5.00,1.00,False,1.00,0.42,1,1,"Magcargo (100.0%, qty:1.0), Numel (2.5%, qty:1.0), Camerupt (5.0%, qty:1.0), Slugma (100.0%, qty:1.0), Heatran (100.0%, qty:1.0)"
minecraft:melon_seeds,100.00,1.00,3,False,False,True,1.0000,1.00,1.00,3.00,1.00,False,1.00,0.33,1,1,"Ivysaur (100.0%, qty:1.0), Bulbasaur (100.0%, qty:1.0), Venusaur (100.0%, qty:1.0)"
minecraft:mud,100.00,1.00,2,False,False,False,1.0000,1.00,1.30,2.00,1.00,False,1.00,0.65,1,1,"Rellor (100.0%, qty:1.0), Stunfisk (100.0%, qty:1.0)"
minecraft:mutton,100.00,1.00,7,False,False,False,1.0000,1.00,1.30,7.00,1.00,False,1.00,0.19,1,1,"Mareep (100.0%), Gogoat (100.0%), Flaaffy (100.0%) ... and 4 more"
minecraft:name_tag,5.00,1.00,1,False,False,False,20.0000,1.00,1.30,1.00,1.00,False,1.00,26.00,16,31,"Klefki (5.0%, qty:1.0)"
minecraft:nautilus_shell,100.00,1.00,2,False,False,False,1.0000,1.00,1.30,2.00,1.00,False,1.00,0.65,1,1,"Omastar (100.0%, qty:1.0), Omanyte (100.0%, qty:1.0)"
minecraft:nether_star,100.00,1.00,1,False,False,False,1.0000,1.00,1.30,1.00,1.00,False,1.00,1.30,1,2,"Groudon (100.0%, qty:1.0)"
minecraft:oak_sapling,100.00,1.00,1,False,False,False,1.0000,1.00,1.30,1.00,1.00,False,1.00,1.30,1,2,"Turtwig (100.0%, qty:1.0)"
minecraft:ochre_froglight,3.75,1.00,2,False,False,False,26.6667,1.00,1.30,2.00,1.00,False,1.00,17.33,10,21,"Bellibolt (5.0%, qty:1.0), Tadbulb (2.5%, qty:1.0)"
minecraft:ominous_trial_key,5.00,1.00,1,False,False,False,20.0000,1.00,1.30,1.00,1.00,False,1.00,26.00,16,31,"Klefki (5.0%, qty:1.0)"
minecraft:pearlescent_froglight,100.00,1.00,3,False,False,False,1.0000,1.00,1.30,3.00,1.00,False,1.00,0.43,1,1,"Froakie (100.0%, qty:1.0), Frogadier (100.0%, qty:1.0), Greninja (100.0%, qty:1.0)"
minecraft:phantom_membrane,17.73,1.00,22,False,False,False,5.6410,1.00,1.30,22.00,1.00,False,1.00,0.33,1,1,"Banette (5.0%), Drifblim (5.0%), Drifloon (2.5%) ... and 19 more"
minecraft:poppy,100.00,1.00,3,False,False,False,1.0000,1.00,1.30,3.00,1.00,False,1.00,0.43,1,1,"Flabebe (100.0%, qty:1.0), Floette (100.0%, qty:1.0), Florges (100.0%, qty:1.0)"
minecraft:porkchop,100.00,1.00,10,False,False,False,1.0000,1.00,1.30,10.00,1.00,False,1.00,0.13,1,1,"Mamoswine (100.0%), Piloswine (100.0%), Spoink (100.0%) ... and 7 more"
minecraft:potato,3.75,1.00,2,False,False,True,26.6667,1.00,1.00,2.00,0.30,True,1.00,4.00,2,5,"Diglett (2.5%, qty:1.0), Dugtrio (5.0%, qty:1.0)"
minecraft:prismarine_crystals,100.00,1.00,2,False,False,False,1.0000,1.00,1.30,2.00,1.00,False,1.00,0.65,1,1,"Chinchou (100.0%, qty:1.0), Lanturn (100.0%, qty:1.0)"
minecraft:prismarine_shard,100.00,1.00,5,False,False,False,1.0000,1.00,1.30,5.00,1.00,False,1.00,0.26,1,1,"Overqwil (100.0%, qty:1.0), Horsea (100.0%, qty:1.0), Seadra (100.0%, qty:1.0), Qwilfish (100.0%, qty:1.0), Kingdra (100.0%, qty:1.0)"
minecraft:pufferfish,100.00,1.00,2,False,False,False,1.0000,1.00,1.30,2.00,1.00,False,1.00,0.65,1,1,"Overqwil (100.0%, qty:1.0), Qwilfish (100.0%, qty:1.0)"
minecraft:pumpkin_seeds,100.00,1.00,2,False,False,True,1.0000,1.00,1.00,2.00,1.00,False,1.00,0.50,1,1,"Gourgeist (100.0%, qty:1.0), Pumpkaboo (100.0%, qty:1.0)"
minecraft:rabbit,100.00,1.00,7,False,False,False,1.0000,1.00,1.30,7.00,1.00,False,1.00,0.19,1,1,"Cinderace (100.0%), Scorbunny (100.0%), Bunnelby (100.0%) ... and 4 more"
minecraft:rabbit_foot,7.86,1.00,7,False,False,False,12.7273,1.00,1.30,7.00,1.00,False,1.00,2.36,1,3,"Cinderace (25.0%), Scorbunny (5.0%), Bunnelby (2.5%) ... and 4 more"
minecraft:rabbit_hide,100.00,1.00,7,False,False,False,1.0000,1.00,1.30,7.00,1.00,False,1.00,0.19,1,1,"Cinderace (100.0%), Scorbunny (100.0%), Bunnelby (100.0%) ... and 4 more"
minecraft:raw_copper,100.00,1.00,5,False,False,False,1.0000,1.00,1.30,5.00,1.00,False,1.00,0.26,1,1,"Boldore (100.0%, qty:1.0), Roggenrola (100.0%, qty:1.0), Gigalith (100.0%, qty:1.0), Copperajah (100.0%, qty:1.0), Cufant (100.0%, qty:1.0)"
minecraft:raw_iron,100.00,1.00,16,False,False,False,1.0000,1.00,1.30,16.00,1.00,False,1.00,0.08,1,1,"Klink (100.0%), Ferrothorn (100.0%), Bronzong (100.0%) ... and 13 more"
minecraft:red_mushroom,100.00,1.00,4,False,False,False,1.0000,1.00,1.30,4.00,1.00,False,1.00,0.33,1,1,"Foongus (100.0%, qty:1.0), Parasect (100.0%, qty:1.0), Amoonguss (100.0%, qty:1.0), Paras (100.0%, qty:1.0)"
minecraft:redstone,100.00,1.00,3,False,False,False,1.0000,1.00,1.30,3.00,1.00,False,1.00,0.43,1,1,"Electabuzz (100.0%, qty:1.0), Electivire (100.0%, qty:1.0), Elekid (100.0%, qty:1.0)"
minecraft:rose_bush,100.00,1.00,2,False,False,False,1.0000,1.00,1.30,2.00,1.00,False,1.00,0.65,1,1,"Roselia (100.0%, qty:1.0), Roserade (100.0%, qty:1.0)"
minecraft:rotten_flesh,100.00,1.00,26,False,False,False,1.0000,1.00,1.30,26.00,1.00,False,1.00,0.05,1,1,"Lycanroc (100.0%), Poochyena (100.0%), Pyroar (100.0%) ... and 23 more"
minecraft:salmon,100.00,1.00,13,False,False,False,1.0000,1.00,1.30,13.00,1.00,False,1.00,0.10,1,1,"Magikarp (100.0%), Seaking (100.0%), Arrokuda (100.0%) ... and 10 more"
minecraft:sand,100.00,1.00,4,False,False,False,1.0000,1.00,1.30,4.00,1.00,False,1.00,0.33,1,1,"Hippopotas (100.0%, qty:1.0), Sandygast (100.0%, qty:1.0), Hippowdon (100.0%, qty:1.0), Palossand (100.0%, qty:1.0)"
minecraft:slime_ball,100.00,1.00,16,False,False,False,1.0000,1.00,1.30,16.00,1.00,False,1.00,0.08,1,1,"Goodra (100.0%), Duosion (100.0%), Reuniclus (100.0%) ... and 13 more"
minecraft:snowball,100.00,1.00,12,False,False,False,1.0000,1.00,1.30,12.00,1.00,False,1.00,0.11,1,1,"Froslass (100.0%), Vanillish (100.0%), Vanillite (100.0%) ... and 9 more"
minecraft:spider_eye,100.00,1.00,6,False,False,False,1.0000,1.00,1.30,6.00,1.00,False,1.00,0.22,1,1,"Galvantula (100.0%), Ariados (100.0%), Spinarak (100.0%) ... and 3 more"
minecraft:stick,100.00,1.00,12,False,True,False,1.0000,1.00,1.00,12.00,1.00,False,1.00,0.08,1,1,"Sceptile (100.0%), Braixen (100.0%), Grovyle (100.0%) ... and 9 more"
minecraft:stone,100.00,1.00,2,False,False,False,1.0000,1.00,1.30,2.00,1.00,False,1.00,0.65,1,1,"Onix (100.0%, qty:1.0), Stonjourner (100.0%, qty:1.0)"
minecraft:stone_axe,100.00,1.00,1,False,False,False,1.0000,1.00,1.30,1.00,1.00,False,1.00,1.30,1,2,"Kleavor (100.0%, qty:1.0)"
minecraft:string,100.00,1.00,27,False,True,False,1.0000,1.00,1.00,27.00,1.00,False,1.00,0.04,1,1,"Silcoon (100.0%), Wurmple (100.0%), Pineco (100.0%) ... and 24 more"
minecraft:sugar,100.00,1.00,4,False,False,False,1.0000,1.00,1.30,4.00,1.00,False,1.00,0.33,1,1,"Slurpuff (100.0%, qty:1.0), Swirlix (100.0%, qty:1.0), Milcery (100.0%, qty:1.0), Alcremie (100.0%, qty:1.0)"
minecraft:sunflower,100.00,1.00,2,False,False,False,1.0000,1.00,1.30,2.00,1.00,False,1.00,0.65,1,1,"Skiploom (100.0%, qty:1.0), Sunflora (100.0%, qty:1.0)"
minecraft:sweet_berries,100.00,1.00,14,False,False,False,1.0000,1.00,1.30,14.00,1.00,False,1.00,0.09,1,1,"Zorua (100.0%), Teddiursa (100.0%), Ursaring (100.0%) ... and 11 more"
minecraft:terracotta,100.00,1.00,2,False,False,False,1.0000,1.00,1.30,2.00,1.00,False,1.00,0.65,1,1,"Dwebble (100.0%, qty:1.0), Crustle (100.0%, qty:1.0)"
minecraft:trial_key,90.00,1.00,1,False,False,False,1.1111,1.00,1.30,1.00,1.00,False,1.00,1.44,1,2,"Klefki (90.0%, qty:1.0)"
minecraft:turtle_scute,100.00,1.00,7,False,False,False,1.0000,1.00,1.30,7.00,1.00,False,1.00,0.19,1,1,"Chewtle (100.0%), Tirtouga (100.0%), Blastoise (100.0%) ... and 4 more"
minecraft:vine,100.00,1.00,2,False,False,False,1.0000,1.00,1.30,2.00,1.00,False,1.00,0.65,1,1,"Tangela (100.0%, qty:1.0), Tangrowth (100.0%, qty:1.0)"
minecraft:wheat_seeds,100.00,1.00,3,False,False,True,1.0000,1.00,1.00,3.00,1.00,False,1.00,0.33,1,1,"Sunkern (100.0%, qty:1.0), Maushold (100.0%, qty:1.0), Tandemaus (100.0%, qty:1.0)"
minecraft:white_wool,100.00,1.00,11,False,False,False,1.0000,1.00,1.30,11.00,1.00,False,1.00,0.12,1,1,"Altaria (100.0%), Eldegoss (100.0%), Mareep (100.0%) ... and 8 more"
cobblemon:ability_shield,10.00,1.00,1,True,False,False,10.0000,1.50,1.30,1.00,1.00,False,1.00,19.50,12,23,"Aegislash (10.0%, qty:1.0)"
cobblemon:absorb_bulb,5.45,1.00,11,True,False,False,18.3333,1.50,1.30,11.00,1.00,False,1.00,3.25,2,4,"Bellossom (10.0%), Budew (2.5%), Gloom (5.0%) ... and 8 more"
cobblemon:air_balloon,5.00,1.00,5,True,False,False,20.0000,1.50,1.30,5.00,1.00,False,1.00,7.80,5,9,"Drifblim (5.0%, qty:1.0), Drifloon (2.5%, qty:1.0), Jigglypuff (5.0%, qty:1.0), Wigglytuff (10.0%, qty:1.0), Igglybuff (2.5%, qty:1.0)"
cobblemon:aspear_berry,4.55,1.00,28,True,False,False,21.9608,1.50,1.30,28.00,1.00,False,1.00,1.53,1,2,"Crabominable (5.0%), Dewgong (5.0%), Carvanha (2.5%) ... and 25 more"
cobblemon:auspicious_armor,5.00,1.00,1,True,False,False,20.0000,1.50,1.30,1.00,1.00,False,1.00,39.00,23,47,"Armarouge (5.0%, qty:1.0)"
cobblemon:babiri_berry,4.50,1.00,20,True,False,False,22.2222,1.50,1.30,20.00,1.00,False,1.00,2.17,1,3,"Slurpuff (5.0%), Mime Jr. (2.5%), Clefable (10.0%) ... and 17 more"
cobblemon:berry_juice,100.00,1.00,1,True,False,False,1.0000,1.50,1.30,1.00,1.00,False,1.00,1.95,1,2,"Shuckle (100.0%, qty:1.0)"
cobblemon:big_root,5.38,1.00,13,True,False,False,18.5714,1.50,1.30,13.00,1.00,False,1.00,2.79,2,3,"Victreebel (10.0%), Diglett (2.5%), Tangela (2.5%) ... and 10 more"
cobblemon:black_augurite,5.83,1.00,9,True,False,False,17.1429,1.50,1.30,9.00,1.00,False,1.00,3.71,2,4,"Geodude (2.5%), Boldore (5.0%), Coalossal (10.0%) ... and 6 more"
cobblemon:black_belt,4.17,1.00,12,True,False,False,24.0000,1.50,1.30,12.00,1.00,False,1.00,3.90,2,5,"Hariyama (5.0%), Makuhita (2.5%), Tyrogue (2.5%) ... and 9 more"
cobblemon:black_glasses,5.83,1.00,3,True,False,False,17.1429,1.50,1.30,3.00,1.00,False,1.00,11.14,7,13,"Krookodile (10.0%, qty:1.0), Krokorok (5.0%, qty:1.0), Sandile (2.5%, qty:1.0)"
cobblemon:black_sludge,3.75,1.00,12,True,False,False,26.6667,1.50,1.30,12.00,1.00,False,1.00,4.33,3,5,"Revavroom (5.0%), Weezing (5.0%), Swalot (5.0%) ... and 9 more"
cobblemon:bluk_berry,4.04,1.00,13,True,False,False,24.7619,1.50,1.30,13.00,1.00,False,1.00,3.71,2,4,"Murkrow (2.5%), Wimpod (2.5%), Illumise (5.0%) ... and 10 more"
cobblemon:bright_powder,4.06,1.00,8,True,False,False,24.6154,1.50,1.30,8.00,1.00,False,1.00,6.00,4,7,"Shiinotic (5.0%), Spewpa (2.5%), Volbeat (5.0%) ... and 5 more"
cobblemon:cell_battery,5.50,1.00,5,True,False,False,18.1818,1.50,1.30,5.00,1.00,False,1.00,7.09,4,9,"Minun (5.0%, qty:1.0), Grubbin (2.5%, qty:1.0), Vikavolt (10.0%, qty:1.0), Plusle (5.0%, qty:1.0), Charjabug (5.0%, qty:1.0)"
cobblemon:charcoal_stick,17.03,1.00,32,True,False,False,5.8716,1.50,1.30,32.00,1.00,False,1.00,0.36,1,1,"Cinderace (25.0%), Typhlosion (25.0%), Litten (5.0%) ... and 29 more"
cobblemon:charti_berry,4.17,1.00,18,True,False,False,24.0000,1.50,1.30,18.00,1.00,False,1.00,2.60,2,3,"Vespiquen (10.0%), Centiskorch (5.0%), Swellow (5.0%) ... and 15 more"
cobblemon:cheri_berry,4.52,1.00,31,True,False,False,22.1429,1.50,1.30,31.00,1.00,False,1.00,1.39,1,2,"Foongus (2.5%), Electabuzz (5.0%), Amoonguss (5.0%) ... and 28 more"
cobblemon:chesto_berry,5.08,1.00,31,True,False,False,19.6825,1.50,1.30,31.00,1.00,False,1.00,1.24,1,1,"Vigoroth (5.0%), Komala (5.0%), Hippopotas (2.5%) ... and 28 more"
cobblemon:chilan_berry,4.71,1.00,17,True,False,False,21.2500,1.50,1.30,17.00,1.00,False,1.00,2.44,1,3,"Herdier (5.0%), Farfetch’d (5.0%), Squawkabilly (5.0%) ... and 14 more"
cobblemon:chople_berry,4.74,1.00,19,True,False,False,21.1111,1.50,1.30,19.00,1.00,False,1.00,2.17,1,3,"Weavile (5.0%), Tyranitar (10.0%), Riolu (2.5%) ... and 16 more"
cobblemon:cleanse_tag,3.75,1.00,2,True,False,False,26.6667,1.50,1.30,2.00,1.00,False,1.00,26.00,16,31,"Chingling (2.5%, qty:1.0), Chimecho (5.0%, qty:1.0)"
cobblemon:coba_berry,4.38,1.00,16,True,False,False,22.8571,1.50,1.30,16.00,1.00,False,1.00,2.79,2,3,"Parasect (5.0%), Sunkern (2.5%), Sunflora (5.0%) ... and 13 more"
cobblemon:colbur_berry,3.89,1.00,18,True,False,False,25.7143,1.50,1.30,18.00,1.00,False,1.00,2.79,2,3,"Zorua (2.5%), Golett (2.5%), Elgyem (2.5%) ... and 15 more"
cobblemon:dawn_stone,5.71,1.00,7,True,False,False,17.5000,1.50,1.30,7.00,1.00,False,1.00,4.88,3,6,"Froslass (5.0%), Ralts (2.5%), Kirlia (5.0%) ... and 4 more"
cobblemon:deep_sea_scale,4.17,1.00,6,True,False,False,24.0000,1.50,1.30,6.00,1.00,False,1.00,7.80,5,9,"Alomomola (5.0%), Luvdisc (2.5%), Chinchou (2.5%) ... and 3 more"
cobblemon:deep_sea_tooth,4.38,1.00,4,True,False,False,22.8571,1.50,1.30,4.00,1.00,False,1.00,11.14,7,13,"Carvanha (2.5%, qty:1.0), Basculin (5.0%, qty:1.0), Huntail (5.0%, qty:1.0), Sharpedo (5.0%, qty:1.0)"
cobblemon:dragon_fang,5.75,1.00,10,True,False,False,17.3913,1.50,1.30,10.00,1.00,False,1.00,3.39,2,4,"Dratini (2.5%), Bagon (2.5%), Shelgon (5.0%) ... and 7 more"
cobblemon:dragon_scale,29.38,1.00,12,True,False,False,3.4043,1.50,1.30,12.00,1.00,False,1.00,0.55,1,1,"Jangmo-o (100.0%), Dratini (2.5%), Bagon (2.5%) ... and 9 more"
cobblemon:dubious_disc,25.00,1.00,1,True,False,False,4.0000,1.50,1.30,1.00,1.00,False,1.00,7.80,5,9,"Porygon-Z (25.0%, qty:1.0)"
cobblemon:dusk_stone,5.83,1.00,6,True,False,False,17.1429,1.50,1.30,6.00,1.00,False,1.00,5.57,3,7,"Lampent (5.0%), Litwick (2.5%), Honedge (2.5%) ... and 3 more"
cobblemon:electirizer,5.83,1.00,3,True,False,False,17.1429,1.50,1.30,3.00,1.00,False,1.00,11.14,7,13,"Electabuzz (5.0%, qty:1.0), Electivire (10.0%, qty:1.0), Elekid (2.5%, qty:1.0)"
cobblemon:electric_seed,5.00,1.00,1,True,False,False,20.0000,1.50,1.30,1.00,1.00,False,1.00,39.00,23,47,"Togedemaru (5.0%, qty:1.0)"
cobblemon:everstone,5.83,1.00,6,True,False,False,17.1429,1.50,1.30,6.00,1.00,False,1.00,5.57,3,7,"Geodude (2.5%), Boldore (5.0%), Roggenrola (2.5%) ... and 3 more"
cobblemon:expert_belt,7.00,1.00,10,True,False,False,14.2857,1.50,1.30,10.00,1.00,False,1.00,2.79,2,3,"Litten (5.0%), Riolu (2.5%), Incineroar (25.0%) ... and 7 more"
cobblemon:fairy_feather,21.04,1.00,12,True,False,False,4.7525,1.50,1.30,12.00,1.00,False,1.00,0.77,1,1,"Clefable (10.0%), Aromatisse (5.0%), Fezandipiti (100.0%) ... and 9 more"
cobblemon:fire_stone,3.75,1.00,2,True,False,False,26.6667,1.50,1.30,2.00,1.00,False,1.00,26.00,16,31,"Simisear (5.0%, qty:1.0), Pansear (2.5%, qty:1.0)"
cobblemon:flame_orb,5.00,1.00,1,True,False,False,20.0000,1.50,1.30,1.00,1.00,False,1.00,39.00,23,47,"Heatmor (5.0%, qty:1.0)"
cobblemon:float_stone,4.38,1.00,4,True,False,False,22.8571,1.50,1.30,4.00,1.00,False,1.00,11.14,7,13,"Glimmora (5.0%, qty:1.0), Glimmet (2.5%, qty:1.0), Minior (5.0%, qty:1.0), Carbink (5.0%, qty:1.0)"
cobblemon:focus_band,5.83,1.00,3,True,False,False,17.1429,1.50,1.30,3.00,1.00,False,1.00,11.14,7,13,"Machop (2.5%, qty:1.0), Machamp (10.0%, qty:1.0), Machoke (5.0%, qty:1.0)"
cobblemon:grassy_seed,5.63,1.00,4,True,False,False,17.7778,1.50,1.30,4.00,1.00,False,1.00,8.67,5,10,"Maractus (5.0%, qty:1.0), Bounsweet (2.5%, qty:1.0), Tsareena (10.0%, qty:1.0), Steenee (5.0%, qty:1.0)"
cobblemon:grip_claw,3.75,1.00,4,True,False,False,26.6667,1.50,1.30,4.00,1.00,False,1.00,13.00,8,16,"Weavile (5.0%, qty:1.0), Sandslash (5.0%, qty:1.0), Sneasel (2.5%, qty:1.0), Sandshrew (2.5%, qty:1.0)"
cobblemon:haban_berry,5.63,1.00,16,True,False,False,17.7778,1.50,1.30,16.00,1.00,False,1.00,2.17,1,3,"Arctibax (5.0%), Baxcalibur (10.0%), Goodra (10.0%) ... and 13 more"
cobblemon:hard_stone,14.25,1.00,20,True,False,False,7.0175,1.50,1.30,20.00,1.00,False,1.00,0.68,1,1,"Terrakion (100.0%), Dwebble (2.5%), Lycanroc (5.0%) ... and 17 more"
cobblemon:iron_ball,4.17,1.00,3,True,False,False,24.0000,1.50,1.30,3.00,1.00,False,1.00,15.60,9,19,"Pineco (2.5%, qty:1.0), Forretress (5.0%, qty:1.0), Mawile (5.0%, qty:1.0)"
cobblemon:kasib_berry,4.90,1.00,24,True,False,False,20.4255,1.50,1.30,24.00,1.00,False,1.00,1.66,1,2,"Frillish (2.5%), Drifblim (5.0%), Cursola (5.0%) ... and 21 more"
cobblemon:kebia_berry,5.00,1.00,22,True,False,False,20.0000,1.50,1.30,22.00,1.00,False,1.00,1.77,1,2,"Shiinotic (5.0%), Shroomish (2.5%), Marill (5.0%) ... and 19 more"
cobblemon:kings_rock,5.42,1.00,12,True,False,False,18.4615,1.50,1.30,12.00,1.00,False,1.00,3.00,2,4,"Hariyama (5.0%), Kingler (5.0%), Makuhita (2.5%) ... and 9 more"
cobblemon:lagging_tail,4.44,1.00,9,True,False,False,22.5000,1.50,1.30,9.00,1.00,False,1.00,4.88,3,6,"Lickitung (2.5%), Slowpoke (2.5%), Lickilicky (5.0%) ... and 6 more"
cobblemon:leaf_stone,3.75,1.00,2,True,False,False,26.6667,1.50,1.30,2.00,1.00,False,1.00,26.00,16,31,"Simisage (5.0%, qty:1.0), Pansage (2.5%, qty:1.0)"
cobblemon:leftovers,3.75,1.00,4,True,False,False,26.6667,1.50,1.30,4.00,1.00,False,1.00,13.00,8,16,"Garbodor (5.0%, qty:1.0), Snorlax (5.0%, qty:1.0), Munchlax (2.5%, qty:1.0), Trubbish (2.5%, qty:1.0)"
cobblemon:life_orb,5.00,1.00,1,True,False,False,20.0000,1.50,1.30,1.00,1.00,False,1.00,39.00,23,47,"Absol (5.0%, qty:1.0)"
cobblemon:light_ball,5.83,1.00,3,True,False,False,17.1429,1.50,1.30,3.00,1.00,False,1.00,11.14,7,13,"Pikachu (5.0%, qty:1.0), Pichu (2.5%, qty:1.0), Raichu (10.0%, qty:1.0)"
cobblemon:light_clay,3.85,1.00,13,True,False,False,26.0000,1.50,1.30,13.00,1.00,False,1.00,3.90,2,5,"Golett (2.5%), Bronzong (5.0%), Elgyem (2.5%) ... and 10 more"
cobblemon:lucky_egg,10.50,1.00,5,True,False,False,9.5238,1.50,1.30,5.00,1.00,False,1.00,3.71,2,4,"Togekiss (10.0%, qty:1.0), Blissey (25.0%, qty:1.0), Togepi (2.5%, qty:1.0), Togetic (5.0%, qty:1.0), Chansey (10.0%, qty:1.0)"
cobblemon:luminous_moss,4.50,1.00,5,True,False,False,22.2222,1.50,1.30,5.00,1.00,False,1.00,8.67,5,10,"Shiinotic (5.0%, qty:1.0), Morelull (2.5%, qty:1.0), Shuckle (5.0%, qty:1.0), Corsola (5.0%, qty:1.0), Stonjourner (5.0%, qty:1.0)"
cobblemon:magmarizer,5.83,1.00,3,True,False,False,17.1429,1.50,1.30,3.00,1.00,False,1.00,11.14,7,13,"Magmar (5.0%, qty:1.0), Magmortar (10.0%, qty:1.0), Magby (2.5%, qty:1.0)"
cobblemon:magnet,24.50,1.00,10,True,False,False,4.0816,1.50,1.30,10.00,1.00,False,1.00,0.80,1,1,"Zapdos (100.0%), Minun (5.0%), Magneton (5.0%) ... and 7 more"
cobblemon:malicious_armor,5.00,1.00,1,True,False,False,20.0000,1.50,1.30,1.00,1.00,False,1.00,39.00,23,47,"Ceruledge (5.0%, qty:1.0)"
cobblemon:medicinal_leek,100.00,1.00,2,True,False,False,1.0000,1.50,1.30,2.00,1.00,False,1.00,0.98,1,1,"Farfetch’d (100.0%, qty:1.0), Sirfetch’d (100.0%, qty:1.0)"
cobblemon:mental_herb,5.00,1.00,10,True,False,False,20.0000,1.50,1.30,10.00,1.00,False,1.00,3.90,2,5,"Bronzong (5.0%), Leavanny (10.0%), Pancham (2.5%) ... and 7 more"
cobblemon:metal_coat,29.58,1.00,12,True,False,False,3.3803,1.50,1.30,12.00,1.00,False,1.00,0.55,1,1,"Beldum (2.5%), Magneton (5.0%), Metang (5.0%) ... and 9 more"
cobblemon:metal_powder,5.00,1.00,1,True,False,False,20.0000,1.50,1.30,1.00,1.00,False,1.00,39.00,23,47,"Ditto (5.0%, qty:1.0)"
cobblemon:metronome,4.17,1.00,3,True,False,False,24.0000,1.50,1.30,3.00,1.00,False,1.00,15.60,9,19,"Chatot (5.0%, qty:1.0), Kricketot (2.5%, qty:1.0), Kricketune (5.0%, qty:1.0)"
cobblemon:miracle_seed,15.38,1.00,39,True,False,False,6.5000,1.50,1.30,39.00,1.00,False,1.00,0.33,1,1,"Chespin (5.0%), Quilladin (10.0%), Torterra (25.0%) ... and 36 more"
cobblemon:misty_seed,5.00,1.00,1,True,False,False,20.0000,1.50,1.30,1.00,1.00,False,1.00,39.00,23,47,"Comfey (5.0%, qty:1.0)"
cobblemon:moon_stone,5.71,1.00,7,True,False,False,17.5000,1.50,1.30,7.00,1.00,False,1.00,4.88,3,6,"Clefable (10.0%), Jigglypuff (5.0%), Wigglytuff (10.0%) ... and 4 more"
cobblemon:muscle_band,6.25,1.00,8,True,False,False,16.0000,1.50,1.30,8.00,1.00,False,1.00,3.90,2,5,"Conkeldurr (10.0%), Timburr (2.5%), Passimian (5.0%) ... and 5 more"
cobblemon:mystic_water,15.66,1.00,38,True,False,False,6.3866,1.50,1.30,38.00,1.00,False,1.00,0.33,1,1,"Mudkip (5.0%), Dewpider (2.5%), Primarina (25.0%) ... and 35 more"
cobblemon:nanab_berry,9.56,1.00,17,True,False,False,10.4615,1.50,1.30,17.00,1.00,False,1.00,1.20,1,1,"Shroodle (2.5%), Marowak (5.0%), Grafaiai (5.0%) ... and 14 more"
cobblemon:never_melt_ice,14.05,1.00,21,True,False,False,7.1186,1.50,1.30,21.00,1.00,False,1.00,0.66,1,1,"Dewgong (5.0%), Froslass (5.0%), Regice (100.0%) ... and 18 more"
cobblemon:occa_berry,3.82,1.00,17,True,False,False,26.1538,1.50,1.30,17.00,1.00,False,1.00,3.00,2,4,"Pineco (2.5%), Ferrothorn (5.0%), Bronzong (5.0%) ... and 14 more"
cobblemon:oran_berry,11.67,1.00,27,True,False,False,8.5714,1.50,1.30,27.00,1.00,False,1.00,0.62,1,1,"Teddiursa (2.5%), Miltank (5.0%), Sentret (2.5%) ... and 24 more"
cobblemon:oval_stone,13.50,1.00,5,True,False,False,7.4074,1.50,1.30,5.00,1.00,False,1.00,2.89,2,3,"Exeggutor (5.0%, qty:1.0), Blissey (25.0%, qty:1.0), Happiny (25.0%, qty:1.0), Exeggcute (2.5%, qty:1.0), Chansey (10.0%, qty:1.0)"
cobblemon:passho_berry,4.58,1.00,24,True,False,False,21.8182,1.50,1.30,24.00,1.00,False,1.00,1.77,1,2,"Nacli (2.5%), Naclstack (5.0%), Mudbray (2.5%) ... and 21 more"
cobblemon:payapa_berry,4.85,1.00,17,True,False,False,20.6061,1.50,1.30,17.00,1.00,False,1.00,2.36,1,3,"Hariyama (5.0%), Passimian (5.0%), Makuhita (2.5%) ... and 14 more"
cobblemon:peat_block,5.83,1.00,3,True,False,False,17.1429,1.50,1.30,3.00,1.00,False,1.00,11.14,7,13,"Teddiursa (2.5%, qty:1.0), Ursaring (5.0%, qty:1.0), Ursaluna (10.0%, qty:1.0)"
cobblemon:pecha_berry,4.80,1.00,37,True,False,False,20.8451,1.50,1.30,37.00,1.00,False,1.00,1.10,1,1,"Silcoon (2.5%), Bellossom (10.0%), Scolipede (10.0%) ... and 34 more"
cobblemon:persim_berry,4.92,1.00,31,True,False,False,20.3279,1.50,1.30,31.00,1.00,False,1.00,1.28,1,2,"Chatot (5.0%), Kecleon (5.0%), Gothitelle (10.0%) ... and 28 more"
cobblemon:pinap_berry,4.31,1.00,18,True,False,False,23.2258,1.50,1.30,18.00,1.00,False,1.00,2.52,2,3,"Drilbur (2.5%), Meowth (2.5%), Oricorio (5.0%) ... and 15 more"
cobblemon:poison_barb,4.84,1.00,31,True,False,False,20.6667,1.50,1.30,31.00,1.00,False,1.00,1.30,1,2,"Tentacool (2.5%), Scolipede (10.0%), Vespiquen (10.0%) ... and 28 more"
cobblemon:prism_scale,3.75,1.00,4,True,False,False,26.6667,1.50,1.30,4.00,1.00,False,1.00,13.00,8,16,"Lumineon (5.0%, qty:1.0), Finneon (2.5%, qty:1.0), Feebas (2.5%, qty:1.0), Milotic (5.0%, qty:1.0)"
cobblemon:protector,5.63,1.00,4,True,False,False,17.7778,1.50,1.30,4.00,1.00,False,1.00,8.67,5,10,"Donphan (5.0%, qty:1.0), Rhyperior (10.0%, qty:1.0), Rhydon (5.0%, qty:1.0), Rhyhorn (2.5%, qty:1.0)"
cobblemon:psychic_seed,5.00,1.00,5,True,False,False,20.0000,1.50,1.30,5.00,1.00,False,1.00,7.80,5,9,"Exeggutor (5.0%, qty:1.0), Dottler (5.0%, qty:1.0), Orbeetle (10.0%, qty:1.0), Exeggcute (2.5%, qty:1.0), Blipbug (2.5%, qty:1.0)"
cobblemon:quick_claw,5.00,1.00,12,True,False,False,20.0000,1.50,1.30,12.00,1.00,False,1.00,3.25,2,4,"Meowth (2.5%), Weavile (5.0%), Zangoose (5.0%) ... and 9 more"
cobblemon:quick_powder,100.00,1.00,1,True,False,False,1.0000,1.50,1.30,1.00,1.00,False,1.00,1.95,1,2,"Ditto (100.0%, qty:1.0)"
cobblemon:rawst_berry,4.44,1.00,31,True,False,False,22.5455,1.50,1.30,31.00,1.00,False,1.00,1.42,1,2,"Capsakid (2.5%), Magmar (5.0%), Heatmor (5.0%) ... and 28 more"
cobblemon:razor_claw,5.45,1.00,11,True,False,False,18.3333,1.50,1.30,11.00,1.00,False,1.00,3.25,2,4,"Absol (5.0%), Weavile (5.0%), Jangmo-o (2.5%) ... and 8 more"
cobblemon:razor_fang,5.00,1.00,14,True,False,False,20.0000,1.50,1.30,14.00,1.00,False,1.00,2.79,2,3,"Ekans (2.5%), Arbok (5.0%), Tyrunt (5.0%) ... and 11 more"
cobblemon:razz_berry,5.16,1.00,16,True,False,False,19.3939,1.50,1.30,16.00,1.00,False,1.00,2.36,1,3,"Conkeldurr (10.0%), Timburr (2.5%), Volbeat (5.0%) ... and 13 more"
cobblemon:reaper_cloth,29.38,1.00,4,True,False,False,3.4043,1.50,1.30,4.00,1.00,False,1.00,1.66,1,2,"Duskull (2.5%, qty:1.0), Dusknoir (10.0%, qty:1.0), Dusclops (5.0%, qty:1.0), Darkrai (100.0%, qty:1.0)"
cobblemon:relic_coin,100.00,1.00,2,True,False,False,1.0000,1.50,1.30,2.00,1.00,False,1.00,0.98,1,1,"Gimmighoul (100.0%, qty:1.0), Gholdengo (100.0%, qty:1.0)"
cobblemon:revival_herb,5.00,1.00,5,True,False,False,20.0000,1.50,1.30,5.00,1.00,False,1.00,7.80,5,9,"Leavanny (10.0%, qty:1.0), Lilligant (5.0%, qty:1.0), Sewaddle (2.5%, qty:1.0), Petilil (2.5%, qty:1.0), Swadloon (5.0%, qty:1.0)"
cobblemon:rindo_berry,4.21,1.00,19,True,False,False,23.7500,1.50,1.30,19.00,1.00,False,1.00,2.44,1,3,"Geodude (2.5%), Barbaracle (5.0%), Barboach (2.5%) ... and 16 more"
cobblemon:roasted_leek,100.00,1.00,2,True,False,False,1.0000,1.50,1.30,2.00,1.00,False,1.00,0.98,1,1,"Capsakid (100.0%, qty:1.0), Scovillain (100.0%, qty:1.0)"
cobblemon:rocky_helmet,5.63,1.00,4,True,False,False,17.7778,1.50,1.30,4.00,1.00,False,1.00,8.67,5,10,"Aerodactyl (10.0%, qty:1.0), Dunsparce (2.5%, qty:1.0), Kingambit (5.0%, qty:1.0), Dudunsparce (5.0%, qty:1.0)"
cobblemon:room_service,5.00,1.00,1,True,False,False,20.0000,1.50,1.30,1.00,1.00,False,1.00,39.00,23,47,"Indeedee (5.0%, qty:1.0)"
cobblemon:roseli_berry,4.47,1.00,19,True,False,False,22.3529,1.50,1.30,19.00,1.00,False,1.00,2.29,1,3,"Absol (5.0%), Jangmo-o (2.5%), Zweilous (5.0%) ... and 16 more"
cobblemon:sacred_ash,100.00,1.00,2,True,False,False,1.0000,1.50,1.30,2.00,1.00,False,1.00,0.98,1,1,"Ho-Oh (100.0%, qty:1.0), Entei (100.0%, qty:1.0)"
cobblemon:sharp_beak,3.45,1.00,21,True,False,False,28.9655,1.50,1.30,21.00,1.00,False,1.00,2.69,2,3,"Dodrio (5.0%), Swanna (2.5%), Swellow (2.5%) ... and 18 more"
cobblemon:shed_shell,5.00,1.00,15,True,False,False,20.0000,1.50,1.30,15.00,1.00,False,1.00,2.60,2,3,"Goodra (10.0%), Dustox (5.0%), Accelgor (5.0%) ... and 12 more"
cobblemon:shell_bell,8.33,1.00,6,True,False,False,12.0000,1.50,1.30,6.00,1.00,False,1.00,3.90,2,5,"Shellder (2.5%), Oshawott (5.0%), Cloyster (5.0%) ... and 3 more"
cobblemon:shiny_stone,5.83,1.00,3,True,False,False,17.1429,1.50,1.30,3.00,1.00,False,1.00,11.14,7,13,"Togekiss (10.0%, qty:1.0), Togepi (2.5%, qty:1.0), Togetic (5.0%, qty:1.0)"
cobblemon:shuca_berry,4.58,1.00,18,True,False,False,21.8182,1.50,1.30,18.00,1.00,False,1.00,2.36,1,3,"Revavroom (5.0%), Toxtricity (5.0%), Glimmora (5.0%) ... and 15 more"
cobblemon:silk_scarf,3.89,1.00,9,True,False,False,25.7143,1.50,1.30,9.00,1.00,False,1.00,5.57,3,7,"Sentret (2.5%), Garbodor (5.0%), Furret (5.0%) ... and 6 more"
cobblemon:silver_powder,4.44,1.00,9,True,False,False,22.5000,1.50,1.30,9.00,1.00,False,1.00,4.88,3,6,"Dustox (5.0%), Frosmoth (5.0%), Volcarona (5.0%) ... and 6 more"
cobblemon:smoke_ball,4.17,1.00,6,True,False,False,24.0000,1.50,1.30,6.00,1.00,False,1.00,7.80,5,9,"Weezing (5.0%), Salandit (2.5%), Salazzle (5.0%) ... and 3 more"
cobblemon:soft_sand,4.06,1.00,16,True,False,False,24.6154,1.50,1.30,16.00,1.00,False,1.00,3.00,2,4,"Sandaconda (5.0%), Drilbur (2.5%), Hippopotas (2.5%) ... and 13 more"
cobblemon:soothe_bell,3.75,1.00,2,True,False,False,26.6667,1.50,1.30,2.00,1.00,False,1.00,26.00,16,31,"Chingling (2.5%, qty:1.0), Chimecho (5.0%, qty:1.0)"
cobblemon:spell_tag,4.33,1.00,15,True,False,False,23.0769,1.50,1.30,15.00,1.00,False,1.00,3.00,2,4,"Banette (5.0%), Misdreavus (2.5%), Trevenant (5.0%) ... and 12 more"
cobblemon:sticky_barb,4.00,1.00,5,True,False,False,25.0000,1.50,1.30,5.00,1.00,False,1.00,9.75,6,12,"Ferrothorn (5.0%, qty:1.0), Cacturne (5.0%, qty:1.0), Maractus (5.0%, qty:1.0), Cacnea (2.5%, qty:1.0), Ferroseed (2.5%, qty:1.0)"
cobblemon:sun_stone,5.00,1.00,1,True,False,False,20.0000,1.50,1.30,1.00,1.00,False,1.00,39.00,23,47,"Solrock (5.0%, qty:1.0)"
cobblemon:tanga_berry,4.38,1.00,20,True,False,False,22.8571,1.50,1.30,20.00,1.00,False,1.00,2.23,1,3,"Krookodile (10.0%), Flittle (2.5%), Fomantis (2.5%) ... and 17 more"
cobblemon:tasty_tail,100.00,1.00,3,True,False,False,1.0000,1.50,1.30,3.00,1.00,False,1.00,0.65,1,1,"Slowpoke (100.0%, qty:1.0), Slowbro (100.0%, qty:1.0), Slowking (100.0%, qty:1.0)"
cobblemon:throat_spray,9.58,1.00,6,True,False,False,10.4348,1.50,1.30,6.00,1.00,False,1.00,3.39,2,4,"Primarina (25.0%), Loudred (5.0%), Popplio (5.0%) ... and 3 more"
cobblemon:thunder_stone,10.63,1.00,4,True,False,False,9.4118,1.50,1.30,4.00,1.00,False,1.00,4.59,3,6,"Jolteon (25.0%, qty:1.0), Pikachu (5.0%, qty:1.0), Pichu (2.5%, qty:1.0), Raichu (10.0%, qty:1.0)"
cobblemon:toxic_orb,3.75,1.00,2,True,False,False,26.6667,1.50,1.30,2.00,1.00,False,1.00,26.00,16,31,"Grimer (2.5%, qty:1.0), Muk (5.0%, qty:1.0)"
cobblemon:twisted_spoon,14.77,1.00,11,True,False,False,6.7692,1.50,1.30,11.00,1.00,False,1.00,1.20,1,1,"Mewtwo (100.0%), Gothitelle (10.0%), Gothita (2.5%) ... and 8 more"
cobblemon:upgrade,25.00,1.00,1,True,False,False,4.0000,1.50,1.30,1.00,1.00,False,1.00,7.80,5,9,"Porygon2 (25.0%, qty:1.0)"
cobblemon:verdant_froglight,100.00,1.00,1,True,False,False,1.0000,1.50,1.30,1.00,1.00,False,1.00,1.95,1,2,"Politoed (100.0%, qty:1.0)"
cobblemon:wacan_berry,4.13,1.00,20,True,False,False,24.2424,1.50,1.30,20.00,1.00,False,1.00,2.36,1,3,"Wingull (2.5%), Dodrio (5.0%), Swanna (5.0%) ... and 17 more"
cobblemon:water_stone,3.75,1.00,2,True,False,False,26.6667,1.50,1.30,2.00,1.00,False,1.00,26.00,16,31,"Simipour (5.0%, qty:1.0), Panpour (2.5%, qty:1.0)"
cobblemon:wepear_berry,4.50,1.00,20,True,False,False,22.2222,1.50,1.30,20.00,1.00,False,1.00,2.17,1,3,"Kleavor (5.0%), Caterpie (2.5%), Yamper (2.5%) ... and 17 more"
cobblemon:wide_lens,4.17,1.00,3,True,False,False,24.0000,1.50,1.30,3.00,1.00,False,1.00,15.60,9,19,"Yanmega (5.0%, qty:1.0), Yanma (2.5%, qty:1.0), Sableye (5.0%, qty:1.0)"
cobblemon:wise_glasses,3.93,1.00,7,True,False,False,25.4545,1.50,1.30,7.00,1.00,False,1.00,7.09,4,9,"Xatu (5.0%), Oranguru (5.0%), Noctowl (5.0%) ... and 4 more"
cobblemon:yache_berry,5.09,1.00,29,True,False,False,19.6610,1.50,1.30,29.00,1.00,False,1.00,1.32,1,2,"Toedscool (2.5%), Starly (2.5%), Applin (2.5%) ... and 26 more"
